{
  "team_name": "A",
  "num_robots": 4,
  "best_score": 0.0,
  "generation": 50,
  "genomes": [
    [
      -0.6821619989189114,
      -0.3334145806853259,
      -0.24187158250512408,
      -0.6500245474911142,
      -0.2855510502438152,
      -0.37583270085783793,
      -0.3816803493463454,
      -0.48466521613413405,
      -0.07451934317652431,
      -0.20856531673376533,
      -0.0923488148106284,
      -0.9288669788116362,
      0.7744843743496479,
      -0.963258911595765,
      0.6859771789325753,
      -0.256061480998939,
      -0.3958420208740372,
      0.8560689800860473,
      -0.34939953236162413,
      -0.8586462401101358,
      -0.5495121524957403,
      -0.4959383804398969,
      0.6186047529873098,
      0.7394417767287653,
      0.48639728340773125,
      -0.6073901254502072,
      0.14981285261879274,
      0.20288831158441112,
      -0.595790210033905,
      -0.843797288494424,
      -0.40117046156956593,
      0.40055694114692475,
      0.24091717819339054,
      -0.18421852329049826,
      0.612284940526048,
      0.5812893494435982,
      0.1713792092074653,
      0.014052700909678473,
      0.7973648842138588,
      0.5209919733474504,
      -0.05822801448567949,
      -0.9504879186321431,
      0.37376680715090727,
      -0.1445988818383459,
      0.24605698110350693,
      0.8432999898154894,
      -0.16482832608437592,
      -0.07698557716074994,
      0.3793641489710151,
      0.9994831022366777,
      0.05534849361054506,
      -0.36981821401737247,
      0.4302362243747637,
      -0.6470604609501289,
      0.9892160321070189,
      -0.16109941327987332,
      -0.12173350306594766,
      0.7544430425692439,
      0.3915049292979964,
      -0.8327085314498495,
      0.9057357374816366,
      -0.8786883675440755,
      0.9212263097538083,
      0.7238904978453777,
      -0.6208192643076951,
      0.6326721329941281,
      -0.8418499137700224,
      0.32056081349888266,
      -0.9699042091212404,
      -0.47143697525504713,
      0.5228970786719802,
      0.5239248656200548,
      0.7370790457130136,
      0.763335421399908,
      -0.9668983979593584,
      0.32510107256602616,
      -0.6797178180227048,
      -0.8793948341108444,
      0.22782307263576862,
      0.5439748596443097,
      -0.903397672170664,
      0.37876034004561365,
      0.848950375523915,
      -0.7090317216382351,
      0.8984102805400138,
      0.6953223312419825,
      -0.07421542356517907,
      -0.5153726355491697,
      -0.8646699351200231,
      -0.0397630860433007,
      -0.32140370948176966,
      -0.2463811796464801,
      -0.8427226482092154,
      -0.5982418791327686,
      -0.7355178401364706,
      0.7930081375299967,
      -0.7574793910632307,
      0.570102032826121,
      0.9830910951934844,
      -0.25750944168291423,
      0.5023651935144582,
      -0.2487375421442657,
      -0.6061593342325879,
      0.3589222016002158,
      0.8460815863389359,
      0.9812935455266674,
      -0.9836181057765347,
      0.124414471450639,
      -0.9888114501299166,
      0.8862479816564925,
      0.10722099879260183,
      0.2583854014021889,
      -0.04740448367913186,
      -0.060605026367525516,
      -0.10392587759072947,
      -0.8187614696499435,
      0.5749717532550014,
      0.4898170653549674,
      -0.19922089193215875,
      0.3647090454622024,
      0.20658897128427234,
      0.3903455421138129,
      -0.8871132621016671,
      0.8466775341565289,
      0.040876293654874774,
      -0.045303368964747515,
      0.05776275464603775,
      -0.9880830703796306,
      -0.6671492636329053,
      -0.9525791741088916,
      -0.041561527019521316,
      0.9206344467071201,
      -0.8555497109622934,
      -0.4510213724128205,
      0.20580605996603452,
      -0.9867877077676006,
      0.16964702159857192,
      0.10375371219438967,
      0.7190331969375039,
      -0.2754206332848088,
      -0.4346386487930627,
      -0.2415618248910263
    ],
    [
      -0.04895928015608941,
      -0.42640981794429034,
      0.6185705738078531,
      -0.060208646933504806,
      -0.6480650668010517,
      0.5559865372557755,
      -0.32292874903842317,
      0.9502844586591952,
      -0.5358939744869988,
      0.5600765613624463,
      -0.9809639816794875,
      -0.801620497644109,
      0.4698583098212372,
      -0.5246485584129696,
      0.46557764017388537,
      0.4344492027128415,
      -0.391738692732561,
      -0.06779410938480956,
      -0.6014946913674584,
      -0.036902692593279385,
      0.6207628963866878,
      0.793805408291306,
      0.30174335245649164,
      0.06029848358251888,
      -0.028010275334844126,
      0.015444244190065293,
      -0.5258831494344012,
      0.8545201686993771,
      0.7942341102142139,
      -0.5739102829716101,
      0.9885978585805639,
      -0.6438812869018391,
      -0.9622588607974911,
      -0.4527196110412133,
      0.8971446469003541,
      0.44687941215159066,
      -0.2713755430325311,
      0.7642003880794257,
      -0.03253734200435998,
      -0.538907320058478,
      -0.7970140007390849,
      0.5052258085280463,
      0.613862582067987,
      -0.8709592704318365,
      0.900089328295882,
      -0.9958673054925251,
      0.8638612155084378,
      0.05745969192315692,
      0.5991293089628802,
      0.590242554017288,
      0.2828673212388808,
      0.18736321939264888,
      -0.5018725442719882,
      -0.6161820746587143,
      -0.8465577357303471,
      0.46212449462325456,
      -0.5475920981952211,
      0.6894497903910373,
      0.13125707338133763,
      0.6919711166712859,
      -0.8458814027791068,
      -0.06432677782721696,
      -0.6678596121995124,
      -0.42931115084057536,
      -0.2498821040262047,
      0.10132836510602838,
      -0.5859499850372523,
      -0.37670072242310026,
      -0.5580533629380218,
      0.9930233620018525,
      -0.3396073439755394,
      -0.9049097979738685,
      -0.8400108994805253,
      0.0591907307427344,
      -0.2622670333457229,
      0.2581843451233661,
      0.288746056257305,
      -0.9061067500223556,
      -0.39907812548342925,
      0.7859073843089688,
      0.5129822915122049,
      0.9446442685552585,
      -0.23628556008278778,
      0.2744209913294129,
      -0.9500486842047318,
      -0.3585354803649079,
      0.13209338442708884,
      -0.842775168359384,
      -0.2840832502228927,
      -0.7225186241925505,
      -0.6569143591706579,
      -0.7647804057565184,
      0.2841734578132531,
      0.1897859903969512,
      -0.14554800809061508,
      0.9162750709846412,
      -0.954423691642929,
      0.5835821187846653,
      0.08017254451292244,
      -0.5762603871190382,
      -0.11019056351733081,
      -0.6354729402590729,
      0.11457735099389277,
      -0.586919639106479,
      -0.03302664804039179,
      0.848457433587193,
      0.18224664678602065,
      -0.6511996743661959,
      -0.9218262396906227,
      0.9859916430912115,
      -0.6360568697557507,
      -0.5774667243782012,
      0.8380589355777164,
      -0.11188566555076651,
      -0.33274664080572935,
      -0.004916034195924013,
      -0.19330432475112502,
      -0.9672676647738276,
      0.28154252393927304,
      0.6569739936485421,
      -0.4221420747715694,
      -0.8827934566662352,
      0.2279438916351162,
      0.8421936984348763,
      0.62866228596993,
      -0.008053034708890516,
      -0.9674603915587179,
      0.3341053834538752,
      0.14816801013070813,
      -0.769598663167061,
      0.41405869089786473,
      0.23997048250254038,
      0.4215425117064495,
      0.606753294335203,
      -0.5851023055466884,
      0.09748929473142365,
      -0.2499677043436781,
      -0.5395111784230078,
      -0.9865723904705468,
      -0.17639469246688888,
      -0.6942728312518651,
      0.6052426642742124
    ],
    [
      0.32129410394894076,
      -0.3201142857745627,
      -0.8860683335043125,
      -0.4275136556391177,
      -0.6048579345863405,
      0.33427189327630646,
      0.03653426470356358,
      -0.32386543195724626,
      0.26824518305914635,
